date,time,species,size_cm,weight_kg,count,bait,method,spot,spot_lat,spot_lng,nearest_station,tide,weather,temp,water_temp,wind,memo,source
2024-01-08,09:00,ブリ,94,11.2,1,泳がせ（エサ不明）,泳がせ釣り,高知室戸沖,33.28,134.18,室戸,,,,,,新年初出船。泳がせ釣りで10kg超の寒ブリ、丸々と太ったマハタをキャッチ。,室戸3ブログ
2024-01-08,09:00,マハタ,68,5.8,1,泳がせ（エサ不明）,泳がせ釣り,高知室戸沖,33.28,134.18,室戸,,,,,,新年初出船。泳がせ釣りで10kg超の寒ブリ、丸々と太ったマハタをキャッチ。,室戸3ブログ
2024-01-14,09:00,ウッカリカサゴ,58,2.2,1,泳がせ（エサ不明）,泳がせ釣り,高知室戸沖,33.28,134.18,室戸,,,,,,ジギングで良型カンパチが連発。底潮が渋い中、良型カサゴも顔を見せる。,室戸3ブログ
2024-01-14,09:00,カンパチ,76,6.5,1,泳がせ（エサ不明）,泳がせ釣り,高知室戸沖,33.28,134.18,室戸,,,,,,ジギングで良型カンパチが連発。底潮が渋い中、良型カサゴも顔を見せる。,室戸3ブログ
2024-01-21,09:00,エビスダイ,47,1.8,1,泳がせ（エサ不明）,泳がせ釣り,高知室戸沖,33.28,134.18,室戸,,,,,,泳がせ釣りで7kg超のマハタを筆頭に、室戸らしい赤い根魚が揃う。,室戸3ブログ
2024-01-21,09:00,マハタ,74,7.2,1,泳がせ（エサ不明）,泳がせ釣り,高知室戸沖,33.28,134.18,室戸,,,,,,泳がせ釣りで7kg超のマハタを筆頭に、室戸らしい赤い根魚が揃う。,室戸3ブログ
2024-02-04,09:00,ヒラマサ,86,8.2,1,泳がせ（エサ不明）,泳がせ釣り,高知室戸沖,33.28,134.18,室戸,,,,,,低水温期ながら、10kgに迫る大型マハタが浮上。青物の引きも強烈。,室戸3ブログ
2024-02-04,09:00,マハタ,83,9.5,1,泳がせ（エサ不明）,泳がせ釣り,高知室戸沖,33.28,134.18,室戸,,,,,,低水温期ながら、10kgに迫る大型マハタが浮上。青物の引きも強烈。,室戸3ブログ
2024-02-11,09:00,カンパチ,96,12.8,1,泳がせ（エサ不明）,泳がせ釣り,高知室戸沖,33.28,134.18,室戸,,,,,,潮が走り出し、10kgオーバーのカンパチがヒット。ドラグが止まらない攻防。,室戸3ブログ
2024-02-11,09:00,マハタ,63,4.5,1,泳がせ（エサ不明）,泳がせ釣り,高知室戸沖,33.28,134.18,室戸,,,,,,潮が走り出し、10kgオーバーのカンパチがヒット。ドラグが止まらない攻防。,室戸3ブログ
2024-02-25,09:00,ホウキハタ,72,6.3,1,泳がせ（エサ不明）,泳がせ釣り,高知室戸沖,33.28,134.18,室戸,,,,,,高級根魚ホウキハタが登場。泳がせ釣りで底付近を丁寧に攻めた成果。,室戸3ブログ
2024-02-25,09:00,マハタ,66,5.2,1,泳がせ（エサ不明）,泳がせ釣り,高知室戸沖,33.28,134.18,室戸,,,,,,高級根魚ホウキハタが登場。泳がせ釣りで底付近を丁寧に攻めた成果。,室戸3ブログ
2024-03-03,09:00,カンパチ,88,10.2,1,泳がせ（エサ不明）,泳がせ釣り,高知室戸沖,33.28,134.18,室戸,,,,,,春の気配とともに青物の活性が上昇。10kgクラスの重量感が竿を叩く。,室戸3ブログ
2024-03-03,09:00,ブリ,89,9.8,1,泳がせ（エサ不明）,泳がせ釣り,高知室戸沖,33.28,134.18,室戸,,,,,,春の気配とともに青物の活性が上昇。10kgクラスの重量感が竿を叩く。,室戸3ブログ
2024-03-17,09:00,アヤメカサゴ,52,1.5,1,泳がせ（エサ不明）,泳がせ釣り,高知室戸沖,33.28,134.18,室戸,,,,,,根魚が絶好調。8kg超の良型マハタが複数上がり、船内は活気。,室戸3ブログ
2024-03-17,09:00,マハタ,79,8.4,1,泳がせ（エサ不明）,泳がせ釣り,高知室戸沖,33.28,134.18,室戸,,,,,,根魚が絶好調。8kg超の良型マハタが複数上がり、船内は活気。,室戸3ブログ
2024-03-24,09:00,カンパチ,101,14.5,1,泳がせ（エサ不明）,泳がせ釣り,高知室戸沖,33.28,134.18,室戸,,,,,,この日最大14.5kgの特大カンパチが浮上。強靭な仕掛けを翻弄するパワー。,室戸3ブログ
2024-03-24,09:00,マハタ,69,6.1,1,泳がせ（エサ不明）,泳がせ釣り,高知室戸沖,33.28,134.18,室戸,,,,,,この日最大14.5kgの特大カンパチが浮上。強靭な仕掛けを翻弄するパワー。,室戸3ブログ
2024-03-31,09:00,クエ,84,12.5,1,泳がせ（エサ不明）,泳がせ釣り,高知室戸沖,33.28,134.18,室戸,,,,,,3月締めくくりに10kg超のクエが登場。多彩な根魚が揃う最高の釣果。,室戸3ブログ
2024-03-31,09:00,マハタ,76,7.8,1,泳がせ（エサ不明）,泳がせ釣り,高知室戸沖,33.28,134.18,室戸,,,,,,3月締めくくりに10kg超のクエが登場。多彩な根魚が揃う最高の釣果。,室戸3ブログ
2024-04-07,09:00,カンパチ,79,7.5,1,泳がせ（エサ不明）,泳がせ釣り,高知室戸沖,33.28,134.18,室戸,,,,,,春のベストシーズン。泳がせ釣りで良型マハタが連発し、安定した釣果。,室戸3ブログ
2024-04-07,09:00,マハタ,78,8.2,1,泳がせ（エサ不明）,泳がせ釣り,高知室戸沖,33.28,134.18,室戸,,,,,,春のベストシーズン。泳がせ釣りで良型マハタが連発し、安定した釣果。,室戸3ブログ
2024-04-14,09:00,ウッカリカサゴ,62,2.5,1,泳がせ（エサ不明）,泳がせ釣り,高知室戸沖,33.28,134.18,室戸,,,,,,ついに10kgの壁を突破。11kg超の丸々と太った大型マハタが浮上。,室戸3ブログ
2024-04-14,09:00,マハタ,91,11.5,1,泳がせ（エサ不明）,泳がせ釣り,高知室戸沖,33.28,134.18,室戸,,,,,,ついに10kgの壁を突破。11kg超の丸々と太った大型マハタが浮上。,室戸3ブログ
2024-04-21,09:00,カンパチ,97,13.2,1,泳がせ（エサ不明）,泳がせ釣り,高知室戸沖,33.28,134.18,室戸,,,,,,潮が走り、青物の活性が爆発。13kg超のカンパチが強烈な引きを見せる。,室戸3ブログ
2024-04-21,09:00,ブリ,92,10.5,1,泳がせ（エサ不明）,泳がせ釣り,高知室戸沖,33.28,134.18,室戸,,,,,,潮が走り、青物の活性が爆発。13kg超のカンパチが強烈な引きを見せる。,室戸3ブログ
2024-05-03,09:00,ホウキハタ,68,5.5,1,泳がせ（エサ不明）,泳がせ釣り,高知室戸沖,33.28,134.18,室戸,,,,,,ゴールデンウィーク。高級魚ホウキハタに加え、10kg近いマハタも登場。,室戸3ブログ
2024-05-03,09:00,マハタ,84,9.8,1,泳がせ（エサ不明）,泳がせ釣り,高知室戸沖,33.28,134.18,室戸,,,,,,ゴールデンウィーク。高級魚ホウキハタに加え、10kg近いマハタも登場。,室戸3ブログ
2024-05-12,09:00,カンパチ,93,12.0,1,泳がせ（エサ不明）,泳がせ釣り,高知室戸沖,33.28,134.18,室戸,,,,,,活きエサの確保が順調。エサを落とせば即座に重量級が反応する好状況。,室戸3ブログ
2024-05-12,09:00,ヒラマサ,89,9.2,1,泳がせ（エサ不明）,泳がせ釣り,高知室戸沖,33.28,134.18,室戸,,,,,,活きエサの確保が順調。エサを落とせば即座に重量級が反応する好状況。,室戸3ブログ
2024-05-19,09:00,カンパチ,83,8.8,1,泳がせ（エサ不明）,泳がせ釣り,高知室戸沖,33.28,134.18,室戸,,,,,,回遊魚狙いで20kg超のキハダがヒット。船内は一気にヒートアップ。,室戸3ブログ
2024-05-19,09:00,キハダ,100,22.5,1,泳がせ（エサ不明）,泳がせ釣り,高知室戸沖,33.28,134.18,室戸,,,,,,回遊魚狙いで20kg超のキハダがヒット。船内は一気にヒートアップ。,室戸3ブログ
2024-06-02,09:00,アザハタ,56,3.2,1,泳がせ（エサ不明）,泳がせ釣り,高知室戸沖,33.28,134.18,室戸,,,,,,潮が緩い時間帯を狙い打ち。マハタのほか、室戸らしい極彩色の魚も。,室戸3ブログ
2024-06-02,09:00,マハタ,75,7.6,1,泳がせ（エサ不明）,泳がせ釣り,高知室戸沖,33.28,134.18,室戸,,,,,,潮が緩い時間帯を狙い打ち。マハタのほか、室戸らしい極彩色の魚も。,室戸3ブログ
2024-06-16,09:00,カンパチ,106,15.8,1,泳がせ（エサ不明）,泳がせ釣り,高知室戸沖,33.28,134.18,室戸,,,,,,本日の最大魚15.8kgのカンパチ。二枚潮を攻略して手にした価値ある一匹。,室戸3ブログ
2024-06-16,09:00,マハタ,70,6.2,1,泳がせ（エサ不明）,泳がせ釣り,高知室戸沖,33.28,134.18,室戸,,,,,,本日の最大魚15.8kgのカンパチ。二枚潮を攻略して手にした価値ある一匹。,室戸3ブログ
2024-06-23,09:00,クエ,86,13.5,1,泳がせ（エサ不明）,泳がせ釣り,高知室戸沖,33.28,134.18,室戸,,,,,,泳がせ釣りで本命のクエが浮上。根魚の活性が非常に高い一日。,室戸3ブログ
2024-06-23,09:00,マハタ,77,8.0,1,泳がせ（エサ不明）,泳がせ釣り,高知室戸沖,33.28,134.18,室戸,,,,,,泳がせ釣りで本命のクエが浮上。根魚の活性が非常に高い一日。,室戸3ブログ
2024-06-30,09:00,エビスダイ,50,2.1,1,泳がせ（エサ不明）,泳がせ釣り,高知室戸沖,33.28,134.18,室戸,,,,,,6月締めくくり。10kg超のカンパチと、良型エビスダイでクーラー賑わう。,室戸3ブログ
2024-06-30,09:00,カンパチ,91,11.2,1,泳がせ（エサ不明）,泳がせ釣り,高知室戸沖,33.28,134.18,室戸,,,,,,6月締めくくり。10kg超のカンパチと、良型エビスダイでクーラー賑わう。,室戸3ブログ
2024-07-07,09:00,カンパチ,100,14.2,1,泳がせ（エサ不明）,泳がせ釣り,高知室戸沖,33.28,134.18,室戸,,,,,,七夕の好釣果。14kg超のカンパチを筆頭に、良型マハタが船内を賑わせる。,室戸3ブログ
2024-07-07,09:00,マハタ,76,7.8,1,泳がせ（エサ不明）,泳がせ釣り,高知室戸沖,33.28,134.18,室戸,,,,,,七夕の好釣果。14kg超のカンパチを筆頭に、良型マハタが船内を賑わせる。,室戸3ブログ
2024-07-21,09:00,カンパチ,84,9.2,1,泳がせ（エサ不明）,泳がせ釣り,高知室戸沖,33.28,134.18,室戸,,,,,,20kg台後半のキハダマグロが浮上。強烈なランで真夏の海を盛り上げる。,室戸3ブログ
2024-07-21,09:00,キハダ,111,28.5,1,泳がせ（エサ不明）,泳がせ釣り,高知室戸沖,33.28,134.18,室戸,,,,,,20kg台後半のキハダマグロが浮上。強烈なランで真夏の海を盛り上げる。,室戸3ブログ
2024-07-28,09:00,カンパチ,92,11.5,1,泳がせ（エサ不明）,泳がせ釣り,高知室戸沖,33.28,134.18,室戸,,,,,,猛暑の中、15kgオーバーのクエが登場。根魚の王者に船内が沸く。,室戸3ブログ
2024-07-28,09:00,クエ,90,15.2,1,泳がせ（エサ不明）,泳がせ釣り,高知室戸沖,33.28,134.18,室戸,,,,,,猛暑の中、15kgオーバーのクエが登場。根魚の王者に船内が沸く。,室戸3ブログ
2024-08-04,09:00,カンパチ,109,16.8,1,泳がせ（エサ不明）,泳がせ釣り,高知室戸沖,33.28,134.18,室戸,,,,,,16kg超のモンスターカンパチをキャッチ。一瞬の油断も許されない攻防。,室戸3ブログ
2024-08-04,09:00,チビキ,73,5.5,1,泳がせ（エサ不明）,泳がせ釣り,高知室戸沖,33.28,134.18,室戸,,,,,,16kg超のモンスターカンパチをキャッチ。一瞬の油断も許されない攻防。,室戸3ブログ
2024-08-18,09:00,ホウキハタ,74,6.8,1,泳がせ（エサ不明）,泳がせ釣り,高知室戸沖,33.28,134.18,室戸,,,,,,泳がせ釣りで10kg超のマハタを確保。高級魚ホウキハタも良型。,室戸3ブログ
2024-08-18,09:00,マハタ,86,10.2,1,泳がせ（エサ不明）,泳がせ釣り,高知室戸沖,33.28,134.18,室戸,,,,,,泳がせ釣りで10kg超のマハタを確保。高級魚ホウキハタも良型。,室戸3ブログ
2024-08-25,09:00,カンパチ,97,13.0,1,泳がせ（エサ不明）,泳がせ釣り,高知室戸沖,33.28,134.18,室戸,,,,,,夏らしいパワフルな青物の猛攻。ドラグを鳴らし続ける釣行となった。,室戸3ブログ
2024-08-25,09:00,ツムブリ,88,8.2,1,泳がせ（エサ不明）,泳がせ釣り,高知室戸沖,33.28,134.18,室戸,,,,,,夏らしいパワフルな青物の猛攻。ドラグを鳴らし続ける釣行となった。,室戸3ブログ
2024-09-08,09:00,カンパチ,90,10.8,1,泳がせ（エサ不明）,泳がせ釣り,高知室戸沖,33.28,134.18,室戸,,,,,,秋の気配が混じり、マハタ・カンパチ共に10kg近いサイズが安定。,室戸3ブログ
2024-09-08,09:00,マハタ,83,9.5,1,泳がせ（エサ不明）,泳がせ釣り,高知室戸沖,33.28,134.18,室戸,,,,,,秋の気配が混じり、マハタ・カンパチ共に10kg近いサイズが安定。,室戸3ブログ
2024-09-15,09:00,キハダ,118,32.0,1,泳がせ（エサ不明）,泳がせ釣り,高知室戸沖,33.28,134.18,室戸,,,,,,30kg超の特大キハダがヒット。長時間のファイトの末に手にした価値ある一本。,室戸3ブログ
2024-09-15,09:00,ビンチョウ,82,12.5,1,泳がせ（エサ不明）,泳がせ釣り,高知室戸沖,33.28,134.18,室戸,,,,,,30kg超の特大キハダがヒット。長時間のファイトの末に手にした価値ある一本。,室戸3ブログ
2024-09-22,09:00,カンパチ,105,15.5,1,泳がせ（エサ不明）,泳がせ釣り,高知室戸沖,33.28,134.18,室戸,,,,,,15kg級カンパチの強烈な突っ込み。ハリス切れを恐れぬパワーファイトが結実。,室戸3ブログ
2024-09-22,09:00,マハタ,79,8.4,1,泳がせ（エサ不明）,泳がせ釣り,高知室戸沖,33.28,134.18,室戸,,,,,,15kg級カンパチの強烈な突っ込み。ハリス切れを恐れぬパワーファイトが結実。,室戸3ブログ
2024-09-29,09:00,ウッカリカサゴ,70,3.0,1,泳がせ（エサ不明）,泳がせ釣り,高知室戸沖,33.28,134.18,室戸,,,,,,9月締めくくり。11kgのマハタに、カサゴ類も最大級のサイズが揃う。,室戸3ブログ
2024-09-29,09:00,マハタ,89,11.0,1,泳がせ（エサ不明）,泳がせ釣り,高知室戸沖,33.28,134.18,室戸,,,,,,9月締めくくり。11kgのマハタに、カサゴ類も最大級のサイズが揃う。,室戸3ブログ
2024-10-06,09:00,カンパチ,95,12.5,1,泳がせ（エサ不明）,泳がせ釣り,高知室戸沖,33.28,134.18,室戸,,,,,,秋の本格シーズン。10kg超えのカンパチが泳がせ釣りでコンスタントにヒット。,室戸3ブログ
2024-10-06,09:00,マハタ,80,8.8,1,泳がせ（エサ不明）,泳がせ釣り,高知室戸沖,33.28,134.18,室戸,,,,,,秋の本格シーズン。10kg超えのカンパチが泳がせ釣りでコンスタントにヒット。,室戸3ブログ
2024-10-20,09:00,カンパチ,107,16.2,1,泳がせ（エサ不明）,泳がせ釣り,高知室戸沖,33.28,134.18,室戸,,,,,,この日最大16kgオーバーのカンパチが浮上。根魚も高級なホウキハタが良型。,室戸3ブログ
2024-10-20,09:00,ホウキハタ,78,7.5,1,泳がせ（エサ不明）,泳がせ釣り,高知室戸沖,33.28,134.18,室戸,,,,,,この日最大16kgオーバーのカンパチが浮上。根魚も高級なホウキハタが良型。,室戸3ブログ
2024-10-27,09:00,クエ,100,19.5,1,泳がせ（エサ不明）,泳がせ釣り,高知室戸沖,33.28,134.18,室戸,,,,,,20kgに迫る大型のクエが登場。底付近での一瞬の食い込みを逃さずキャッチ。,室戸3ブログ
2024-10-27,09:00,マハタ,74,7.2,1,泳がせ（エサ不明）,泳がせ釣り,高知室戸沖,33.28,134.18,室戸,,,,,,20kgに迫る大型のクエが登場。底付近での一瞬の食い込みを逃さずキャッチ。,室戸3ブログ
2024-11-03,09:00,カンパチ,90,11.0,1,泳がせ（エサ不明）,泳がせ釣り,高知室戸沖,33.28,134.18,室戸,,,,,,寒ブリの回遊が始まり、10kg超えの重量級青物が船内を賑わせる。,室戸3ブログ
2024-11-03,09:00,ブリ,98,12.8,1,泳がせ（エサ不明）,泳がせ釣り,高知室戸沖,33.28,134.18,室戸,,,,,,寒ブリの回遊が始まり、10kg超えの重量級青物が船内を賑わせる。,室戸3ブログ
2024-11-17,09:00,エビスダイ,55,2.5,1,泳がせ（エサ不明）,泳がせ釣り,高知室戸沖,33.28,134.18,室戸,,,,,,13kg超の見事なマハタをキャッチ。室戸名物のエビスダイも2kg超の良型。,室戸3ブログ
2024-11-17,09:00,マハタ,99,13.5,1,泳がせ（エサ不明）,泳がせ釣り,高知室戸沖,33.28,134.18,室戸,,,,,,13kg超の見事なマハタをキャッチ。室戸名物のエビスダイも2kg超の良型。,室戸3ブログ
2024-11-24,09:00,カンパチ,103,15.0,1,泳がせ（エサ不明）,泳がせ釣り,高知室戸沖,33.28,134.18,室戸,,,,,,15kgジャストのカンパチを筆頭に、10kg超のヒラマサも混じる豪華な釣果。,室戸3ブログ
2024-11-24,09:00,ヒラマサ,93,10.2,1,泳がせ（エサ不明）,泳がせ釣り,高知室戸沖,33.28,134.18,室戸,,,,,,15kgジャストのカンパチを筆頭に、10kg超のヒラマサも混じる豪華な釣果。,室戸3ブログ
2024-12-08,09:00,ブリ,103,14.2,1,泳がせ（エサ不明）,泳がせ釣り,高知室戸沖,33.28,134.18,室戸,,,,,,脂が乗りきった14kgの寒ブリが浮上。引きの強さと食味、共に最高の時期。,室戸3ブログ
2024-12-08,09:00,マハタ,81,9.0,1,泳がせ（エサ不明）,泳がせ釣り,高知室戸沖,33.28,134.18,室戸,,,,,,脂が乗りきった14kgの寒ブリが浮上。引きの強さと食味、共に最高の時期。,室戸3ブログ
2024-12-15,09:00,カンパチ,96,12.8,1,泳がせ（エサ不明）,泳がせ釣り,高知室戸沖,33.28,134.18,室戸,,,,,,15kg超の特大マハタが浮上。重量感たっぷりのファイトで船内は最高潮。,室戸3ブログ
2024-12-15,09:00,マハタ,107,15.6,1,泳がせ（エサ不明）,泳がせ釣り,高知室戸沖,33.28,134.18,室戸,,,,,,15kg超の特大マハタが浮上。重量感たっぷりのファイトで船内は最高潮。,室戸3ブログ
2024-12-22,09:00,カンパチ,111,17.5,1,泳がせ（エサ不明）,泳がせ釣り,高知室戸沖,33.28,134.18,室戸,,,,,,本日最大の17kg超えカンパチ。冬の荒い海でも魚の活性は非常に高い。,室戸3ブログ
2024-12-22,09:00,ブリ,94,11.5,1,泳がせ（エサ不明）,泳がせ釣り,高知室戸沖,33.28,134.18,室戸,,,,,,本日最大の17kg超えカンパチ。冬の荒い海でも魚の活性は非常に高い。,室戸3ブログ
2024-12-29,09:00,クエ,89,14.8,1,泳がせ（エサ不明）,泳がせ釣り,高知室戸沖,33.28,134.18,室戸,,,,,,2024年釣り納め。10kg超のクエとマハタが揃い、最高の締めくくり。,室戸3ブログ
2024-12-29,09:00,マハタ,87,10.5,1,泳がせ（エサ不明）,泳がせ釣り,高知室戸沖,33.28,134.18,室戸,,,,,,2024年釣り納め。10kg超のクエとマハタが揃い、最高の締めくくり。,室戸3ブログ
2025-01-05,09:00,ブリ,98,12.5,1,泳がせ（エサ不明）,泳がせ釣り,高知室戸沖,33.28,134.18,室戸,,,,,,初出船。脂の乗った10kg超のブリを筆頭に、正月らしい良型マハタも浮上。,室戸3ブログ
2025-01-05,09:00,マハタ,70,6.2,1,泳がせ（エサ不明）,泳がせ釣り,高知室戸沖,33.28,134.18,室戸,,,,,,初出船。脂の乗った10kg超のブリを筆頭に、正月らしい良型マハタも浮上。,室戸3ブログ
2025-01-19,09:00,ウッカリカサゴ,67,2.8,1,泳がせ（エサ不明）,泳がせ釣り,高知室戸沖,33.28,134.18,室戸,,,,,,泳がせ釣りで14.8kgのカンパチ。冬の冷たい海でも引きは依然として強烈。,室戸3ブログ
2025-01-19,09:00,カンパチ,102,14.8,1,泳がせ（エサ不明）,泳がせ釣り,高知室戸沖,33.28,134.18,室戸,,,,,,泳がせ釣りで14.8kgのカンパチ。冬の冷たい海でも引きは依然として強烈。,室戸3ブログ
2025-01-26,09:00,エビスダイ,49,2.0,1,泳がせ（エサ不明）,泳がせ釣り,高知室戸沖,33.28,134.18,室戸,,,,,,10kgの壁を超える大型マハタをキャッチ。室戸名物のエビスダイも数揃う。,室戸3ブログ
2025-01-26,09:00,マハタ,90,11.2,1,泳がせ（エサ不明）,泳がせ釣り,高知室戸沖,33.28,134.18,室戸,,,,,,10kgの壁を超える大型マハタをキャッチ。室戸名物のエビスダイも数揃う。,室戸3ブログ
2025-02-02,09:00,クエ,93,16.5,1,泳がせ（エサ不明）,泳がせ釣り,高知室戸沖,33.28,134.18,室戸,,,,,,2月最初の勝負で16kg超のクエが登場。深場での粘り強い底狙いが的中。,室戸3ブログ
2025-02-02,09:00,マハタ,76,7.8,1,泳がせ（エサ不明）,泳がせ釣り,高知室戸沖,33.28,134.18,室戸,,,,,,2月最初の勝負で16kg超のクエが登場。深場での粘り強い底狙いが的中。,室戸3ブログ
2025-02-16,09:00,カンパチ,113,18.2,1,泳がせ（エサ不明）,泳がせ釣り,高知室戸沖,33.28,134.18,室戸,,,,,,この日最大18kg超の大型カンパチ。驚異的な粘りを見せた価値ある一本。,室戸3ブログ
2025-02-16,09:00,ブリ,92,10.5,1,泳がせ（エサ不明）,泳がせ釣り,高知室戸沖,33.28,134.18,室戸,,,,,,この日最大18kg超の大型カンパチ。驚異的な粘りを見せた価値ある一本。,室戸3ブログ
2025-02-23,09:00,ホウキハタ,76,7.2,1,泳がせ（エサ不明）,泳がせ釣り,高知室戸沖,33.28,134.18,室戸,,,,,,高級根魚のホウキハタが良型。マハタも10kgに迫るサイズが安定してヒット。,室戸3ブログ
2025-02-23,09:00,マハタ,83,9.5,1,泳がせ（エサ不明）,泳がせ釣り,高知室戸沖,33.28,134.18,室戸,,,,,,高級根魚のホウキハタが良型。マハタも10kgに迫るサイズが安定してヒット。,室戸3ブログ
2025-03-02,09:00,カンパチ,105,15.5,1,泳がせ（エサ不明）,泳がせ釣り,高知室戸沖,33.28,134.18,室戸,,,,,,春の気配。青物の活性が上がり、15kg級のカンパチがドラグを激しく鳴らす。,室戸3ブログ
2025-03-02,09:00,ブリ,95,11.8,1,泳がせ（エサ不明）,泳がせ釣り,高知室戸沖,33.28,134.18,室戸,,,,,,春の気配。青物の活性が上がり、15kg級のカンパチがドラグを激しく鳴らす。,室戸3ブログ
2025-03-16,09:00,クエ,83,12.0,1,泳がせ（エサ不明）,泳がせ釣り,高知室戸沖,33.28,134.18,室戸,,,,,,特大マハタとクエが同時に浮上。室戸の底物ポテンシャルを象徴する一日。,室戸3ブログ
2025-03-16,09:00,マハタ,100,13.8,1,泳がせ（エサ不明）,泳がせ釣り,高知室戸沖,33.28,134.18,室戸,,,,,,特大マハタとクエが同時に浮上。室戸の底物ポテンシャルを象徴する一日。,室戸3ブログ
2025-03-23,09:00,カンパチ,109,17.0,1,泳がせ（エサ不明）,泳がせ釣り,高知室戸沖,33.28,134.18,室戸,,,,,,17kgの特大カンパチをキャッチ。ラインブレイクを乗り越えて手にした一匹。,室戸3ブログ
2025-03-23,09:00,マハタ,78,8.2,1,泳がせ（エサ不明）,泳がせ釣り,高知室戸沖,33.28,134.18,室戸,,,,,,17kgの特大カンパチをキャッチ。ラインブレイクを乗り越えて手にした一匹。,室戸3ブログ
2025-03-30,09:00,マハタ,88,10.8,1,泳がせ（エサ不明）,泳がせ釣り,高知室戸沖,33.28,134.18,室戸,,,,,,3月締めくくり。10kg超のマハタを筆頭に、多種多様な魚種で賑わう。,室戸3ブログ
2025-03-30,09:00,レンコダイ,41,1.2,1,泳がせ（エサ不明）,泳がせ釣り,高知室戸沖,33.28,134.18,室戸,,,,,,3月締めくくり。10kg超のマハタを筆頭に、多種多様な魚種で賑わう。,室戸3ブログ
2025-04-06,09:00,カンパチ,80,7.8,1,泳がせ（エサ不明）,泳がせ釣り,高知室戸沖,33.28,134.18,室戸,,,,,,4月スタート。泳がせ釣りで10kgに近いマハタが浮上し、幸先の良い滑り出し。,室戸3ブログ
2025-04-06,09:00,マハタ,82,9.2,1,泳がせ（エサ不明）,泳がせ釣り,高知室戸沖,33.28,134.18,室戸,,,,,,4月スタート。泳がせ釣りで10kgに近いマハタが浮上し、幸先の良い滑り出し。,室戸3ブログ
2025-04-13,09:00,クエ,79,10.5,1,泳がせ（エサ不明）,泳がせ釣り,高知室戸沖,33.28,134.18,室戸,,,,,,乗っ込み本番。12kg超の特大マハタと10kg超のクエが揃い踏みの豪華釣果。,室戸3ブログ
2025-04-13,09:00,マハタ,96,12.8,1,泳がせ（エサ不明）,泳がせ釣り,高知室戸沖,33.28,134.18,室戸,,,,,,乗っ込み本番。12kg超の特大マハタと10kg超のクエが揃い踏みの豪華釣果。,室戸3ブログ
2025-04-20,09:00,カンパチ,92,11.5,1,泳がせ（エサ不明）,泳がせ釣り,高知室戸沖,33.28,134.18,室戸,,,,,,潮が走り、青物の活性高。10kgオーバーが連発し、ドラグ音が鳴り響く。,室戸3ブログ
2025-04-20,09:00,ブリ,91,10.2,1,泳がせ（エサ不明）,泳がせ釣り,高知室戸沖,33.28,134.18,室戸,,,,,,潮が走り、青物の活性高。10kgオーバーが連発し、ドラグ音が鳴り響く。,室戸3ブログ
2025-05-04,09:00,カンパチ,100,14.2,1,泳がせ（エサ不明）,泳がせ釣り,高知室戸沖,33.28,134.18,室戸,,,,,,GWの勝負。14kg超の大型カンパチの強烈な突っ込みを制してキャッチ。,室戸3ブログ
2025-05-04,09:00,ヒラマサ,95,11.0,1,泳がせ（エサ不明）,泳がせ釣り,高知室戸沖,33.28,134.18,室戸,,,,,,GWの勝負。14kg超の大型カンパチの強烈な突っ込みを制してキャッチ。,室戸3ブログ
2025-05-11,09:00,ホウキハタ,69,5.8,1,泳がせ（エサ不明）,泳がせ釣り,高知室戸沖,33.28,134.18,室戸,,,,,,高級根魚のホウキハタが登場。マハタも良型が安定して口を使う好状況。,室戸3ブログ
2025-05-11,09:00,マハタ,79,8.5,1,泳がせ（エサ不明）,泳がせ釣り,高知室戸沖,33.28,134.18,室戸,,,,,,高級根魚のホウキハタが登場。マハタも良型が安定して口を使う好状況。,室戸3ブログ
2025-05-25,09:00,カンパチ,84,9.0,1,泳がせ（エサ不明）,泳がせ釣り,高知室戸沖,33.28,134.18,室戸,,,,,,初夏の回遊。25kg超のキハダがヒットし、船内は一気にヒートアップ。,室戸3ブログ
2025-05-25,09:00,キハダ,106,25.5,1,泳がせ（エサ不明）,泳がせ釣り,高知室戸沖,33.28,134.18,室戸,,,,,,初夏の回遊。25kg超のキハダがヒットし、船内は一気にヒートアップ。,室戸3ブログ
2025-06-08,09:00,カンパチ,97,13.0,1,泳がせ（エサ不明）,泳がせ釣り,高知室戸沖,33.28,134.18,室戸,,,,,,13kgのカンパチが泳がせ釣りでヒット。スピード・パワー共に申し分なし。,室戸3ブログ
2025-06-08,09:00,マハタ,74,7.2,1,泳がせ（エサ不明）,泳がせ釣り,高知室戸沖,33.28,134.18,室戸,,,,,,13kgのカンパチが泳がせ釣りでヒット。スピード・パワー共に申し分なし。,室戸3ブログ
2025-06-15,09:00,クエ,91,15.5,1,泳がせ（エサ不明）,泳がせ釣り,高知室戸沖,33.28,134.18,室戸,,,,,,本命クエ15kgオーバー。底付近での一瞬の食い込みを逃さず仕留めた一匹。,室戸3ブログ
2025-06-15,09:00,マハタ,78,8.2,1,泳がせ（エサ不明）,泳がせ釣り,高知室戸沖,33.28,134.18,室戸,,,,,,本命クエ15kgオーバー。底付近での一瞬の食い込みを逃さず仕留めた一匹。,室戸3ブログ
2025-06-22,09:00,エビスダイ,54,2.4,1,泳がせ（エサ不明）,泳がせ釣り,高知室戸沖,33.28,134.18,室戸,,,,,,再び10kg超のマハタが浮上。室戸名物のエビスダイも最大級のサイズ。,室戸3ブログ
2025-06-22,09:00,マハタ,92,11.8,1,泳がせ（エサ不明）,泳がせ釣り,高知室戸沖,33.28,134.18,室戸,,,,,,再び10kg超のマハタが浮上。室戸名物のエビスダイも最大級のサイズ。,室戸3ブログ
2025-06-29,09:00,カンパチ,94,12.2,1,泳がせ（エサ不明）,泳がせ釣り,高知室戸沖,33.28,134.18,室戸,,,,,,6月締めくくり。青物の群れが厚く、12kg超のカンパチが竿をひん曲げる。,室戸3ブログ
2025-06-29,09:00,ブリ,88,9.5,1,泳がせ（エサ不明）,泳がせ釣り,高知室戸沖,33.28,134.18,室戸,,,,,,6月締めくくり。青物の群れが厚く、12kg超のカンパチが竿をひん曲げる。,室戸3ブログ
2025-07-06,09:00,カンパチ,98,13.5,1,泳がせ（エサ不明）,泳がせ釣り,高知室戸沖,33.28,134.18,室戸,,,,,,7月スタート。夏らしい高活性で13kg超のカンパチが泳がせにヒット。,室戸3ブログ
2025-07-06,09:00,マハタ,74,7.2,1,泳がせ（エサ不明）,泳がせ釣り,高知室戸沖,33.28,134.18,室戸,,,,,,7月スタート。夏らしい高活性で13kg超のカンパチが泳がせにヒット。,室戸3ブログ
2025-07-13,09:00,カンパチ,89,10.5,1,泳がせ（エサ不明）,泳がせ釣り,高知室戸沖,33.28,134.18,室戸,,,,,,キハダのナブラが発生。28kgの良型をキャッチし、船内は最高潮。,室戸3ブログ
2025-07-13,09:00,キハダ,110,28.0,1,泳がせ（エサ不明）,泳がせ釣り,高知室戸沖,33.28,134.18,室戸,,,,,,キハダのナブラが発生。28kgの良型をキャッチし、船内は最高潮。,室戸3ブログ
2025-07-20,09:00,カンパチ,104,15.2,1,泳がせ（エサ不明）,泳がせ釣り,高知室戸沖,33.28,134.18,室戸,,,,,,15kg超のカンパチが登場。底付近での攻防はスリリングそのもの。,室戸3ブログ
2025-07-20,09:00,クエ,83,12.0,1,泳がせ（エサ不明）,泳がせ釣り,高知室戸沖,33.28,134.18,室戸,,,,,,15kg超のカンパチが登場。底付近での攻防はスリリングそのもの。,室戸3ブログ
2025-08-03,09:00,カンパチ,114,18.5,1,泳がせ（エサ不明）,泳がせ釣り,高知室戸沖,33.28,134.18,室戸,,,,,,猛暑の中、18kg超のモンスターカンパチが浮上。今シーズン最大級の重量感。,室戸3ブログ
2025-08-03,09:00,マハタ,80,8.8,1,泳がせ（エサ不明）,泳がせ釣り,高知室戸沖,33.28,134.18,室戸,,,,,,猛暑の中、18kg超のモンスターカンパチが浮上。今シーズン最大級の重量感。,室戸3ブログ
2025-08-17,09:00,クエ,104,21.5,1,泳がせ（エサ不明）,泳がせ釣り,高知室戸沖,33.28,134.18,室戸,,,,,,ついに20kg超のクエを仕留める。高級根魚ホウキハタも良型。,室戸3ブログ
2025-08-17,09:00,ホウキハタ,72,6.5,1,泳がせ（エサ不明）,泳がせ釣り,高知室戸沖,33.28,134.18,室戸,,,,,,ついに20kg超のクエを仕留める。高級根魚ホウキハタも良型。,室戸3ブログ
2025-08-24,09:00,カンパチ,102,14.8,1,泳がせ（エサ不明）,泳がせ釣り,高知室戸沖,33.28,134.18,室戸,,,,,,潮が走り、青物の猛攻。ドラグを鳴らし続けるパワフルなファイトが連続。,室戸3ブログ
2025-08-24,09:00,ツムブリ,87,8.0,1,泳がせ（エサ不明）,泳がせ釣り,高知室戸沖,33.28,134.18,室戸,,,,,,潮が走り、青物の猛攻。ドラグを鳴らし続けるパワフルなファイトが連続。,室戸3ブログ
2025-09-07,09:00,カンパチ,93,12.0,1,泳がせ（エサ不明）,泳がせ釣り,高知室戸沖,33.28,134.18,室戸,,,,,,9月に入り、再び10kg超のマハタが安定。カンパチも良型が揃う。,室戸3ブログ
2025-09-07,09:00,マハタ,90,11.2,1,泳がせ（エサ不明）,泳がせ釣り,高知室戸沖,33.28,134.18,室戸,,,,,,9月に入り、再び10kg超のマハタが安定。カンパチも良型が揃う。,室戸3ブログ
2025-09-14,09:00,キハダ,123,35.0,1,泳がせ（エサ不明）,泳がせ釣り,高知室戸沖,33.28,134.18,室戸,,,,,,35kgの特大キハダをキャッチ。1時間近いファイトの末に手にした価値ある一本。,室戸3ブログ
2025-09-14,09:00,ビンチョウ,84,13.2,1,泳がせ（エサ不明）,泳がせ釣り,高知室戸沖,33.28,134.18,室戸,,,,,,35kgの特大キハダをキャッチ。1時間近いファイトの末に手にした価値ある一本。,室戸3ブログ
2025-09-21,09:00,カンパチ,108,16.5,1,泳がせ（エサ不明）,泳がせ釣り,高知室戸沖,33.28,134.18,室戸,,,,,,16kg超のカンパチの突っ込みを制す。重量級根魚の活性も依然として高い。,室戸3ブログ
2025-09-21,09:00,マハタ,83,9.5,1,泳がせ（エサ不明）,泳がせ釣り,高知室戸沖,33.28,134.18,室戸,,,,,,16kg超のカンパチの突っ込みを制す。重量級根魚の活性も依然として高い。,室戸3ブログ
2025-09-28,09:00,エビスダイ,51,2.2,1,泳がせ（エサ不明）,泳がせ釣り,高知室戸沖,33.28,134.18,室戸,,,,,,9月締めくくり。12kg超のマハタと室戸らしいエビスダイがクーラーを彩る。,室戸3ブログ
2025-09-28,09:00,マハタ,95,12.5,1,泳がせ（エサ不明）,泳がせ釣り,高知室戸沖,33.28,134.18,室戸,,,,,,9月締めくくり。12kg超のマハタと室戸らしいエビスダイがクーラーを彩る。,室戸3ブログ
2025-10-05,09:00,カンパチ,99,13.8,1,泳がせ（エサ不明）,泳がせ釣り,高知室戸沖,33.28,134.18,室戸,,,,,,秋の本格シーズン。10kg超えのカンパチが泳がせ釣りで安定してヒット。,室戸3ブログ
2025-10-05,09:00,マハタ,79,8.5,1,泳がせ（エサ不明）,泳がせ釣り,高知室戸沖,33.28,134.18,室戸,,,,,,秋の本格シーズン。10kg超えのカンパチが泳がせ釣りで安定してヒット。,室戸3ブログ
2025-10-19,09:00,カンパチ,110,17.2,1,泳がせ（エサ不明）,泳がせ釣り,高知室戸沖,33.28,134.18,室戸,,,,,,17kgオーバーの大型カンパチが浮上。深場の根魚ホウキハタも良型。,室戸3ブログ
2025-10-19,09:00,ホウキハタ,79,7.8,1,泳がせ（エサ不明）,泳がせ釣り,高知室戸沖,33.28,134.18,室戸,,,,,,17kgオーバーの大型カンパチが浮上。深場の根魚ホウキハタも良型。,室戸3ブログ
2025-10-26,09:00,クエ,101,19.8,1,泳がせ（エサ不明）,泳がせ釣り,高知室戸沖,33.28,134.18,室戸,,,,,,20kg目前の巨大クエが登場！底付近での一瞬の食い込みを逃さずキャッチ。,室戸3ブログ
2025-10-26,09:00,マハタ,75,7.5,1,泳がせ（エサ不明）,泳がせ釣り,高知室戸沖,33.28,134.18,室戸,,,,,,20kg目前の巨大クエが登場！底付近での一瞬の食い込みを逃さずキャッチ。,室戸3ブログ
2025-11-02,09:00,カンパチ,93,12.0,1,泳がせ（エサ不明）,泳がせ釣り,高知室戸沖,33.28,134.18,室戸,,,,,,寒ブリの回遊開始。10kg超えの重量級青物が連発し、ドラグ音が響き渡る。,室戸3ブログ
2025-11-02,09:00,ブリ,100,13.2,1,泳がせ（エサ不明）,泳がせ釣り,高知室戸沖,33.28,134.18,室戸,,,,,,寒ブリの回遊開始。10kg超えの重量級青物が連発し、ドラグ音が響き渡る。,室戸3ブログ
2025-11-16,09:00,エビスダイ,59,2.8,1,泳がせ（エサ不明）,泳がせ釣り,高知室戸沖,33.28,134.18,室戸,,,,,,14kg超の特大マハタを確保。室戸名物エビスダイも2kg超の良型揃い。,室戸3ブログ
2025-11-16,09:00,マハタ,103,14.5,1,泳がせ（エサ不明）,泳がせ釣り,高知室戸沖,33.28,134.18,室戸,,,,,,14kg超の特大マハタを確保。室戸名物エビスダイも2kg超の良型揃い。,室戸3ブログ
2025-11-23,09:00,カンパチ,106,16.0,1,泳がせ（エサ不明）,泳がせ釣り,高知室戸沖,33.28,134.18,室戸,,,,,,16kgのカンパチを筆頭に、10kg超のヒラマサも混じる豪華な青物釣果。,室戸3ブログ
2025-11-23,09:00,ヒラマサ,97,11.5,1,泳がせ（エサ不明）,泳がせ釣り,高知室戸沖,33.28,134.18,室戸,,,,,,16kgのカンパチを筆頭に、10kg超のヒラマサも混じる豪華な青物釣果。,室戸3ブログ
2025-12-07,09:00,ブリ,106,15.5,1,泳がせ（エサ不明）,泳がせ釣り,高知室戸沖,33.28,134.18,室戸,,,,,,脂が乗りきった15kg超の寒ブリが浮上。重厚な引きは冬の室戸ならでは。,室戸3ブログ
2025-12-07,09:00,マハタ,84,9.8,1,泳がせ（エサ不明）,泳がせ釣り,高知室戸沖,33.28,134.18,室戸,,,,,,脂が乗りきった15kg超の寒ブリが浮上。重厚な引きは冬の室戸ならでは。,室戸3ブログ
2025-12-14,09:00,カンパチ,98,13.5,1,泳がせ（エサ不明）,泳がせ釣り,高知室戸沖,33.28,134.18,室戸,,,,,,ついに16kg超の特大マハタが浮上。重量感たっぷりのファイトが結実。,室戸3ブログ
2025-12-14,09:00,マハタ,110,16.2,1,泳がせ（エサ不明）,泳がせ釣り,高知室戸沖,33.28,134.18,室戸,,,,,,ついに16kg超の特大マハタが浮上。重量感たっぷりのファイトが結実。,室戸3ブログ
2025-12-21,09:00,カンパチ,114,18.5,1,泳がせ（エサ不明）,泳がせ釣り,高知室戸沖,33.28,134.18,室戸,,,,,,本日最大の18kg超えカンパチ。冬の荒い海でも魚の活性は最高潮。,室戸3ブログ
2025-12-21,09:00,ブリ,97,12.2,1,泳がせ（エサ不明）,泳がせ釣り,高知室戸沖,33.28,134.18,室戸,,,,,,本日最大の18kg超えカンパチ。冬の荒い海でも魚の活性は最高潮。,室戸3ブログ
2025-12-28,09:00,クエ,102,20.5,1,泳がせ（エサ不明）,泳がせ釣り,高知室戸沖,33.28,134.18,室戸,,,,,,2025年釣り納め。20kgオーバーのクエが飛び出し、最高の締めくくり。,室戸3ブログ
2025-12-28,09:00,マハタ,92,11.8,1,泳がせ（エサ不明）,泳がせ釣り,高知室戸沖,33.28,134.18,室戸,,,,,,2025年釣り納め。20kgオーバーのクエが飛び出し、最高の締めくくり。,室戸3ブログ
2026-01-06,09:00,アコウダイ,68,3.8,1,泳がせ（エサ不明）,泳がせ釣り,高知室戸沖,33.28,134.18,室戸,,,,,,初出船は深場攻め。室戸の深海の底力を見せる良型アコウダイが浮上。,室戸3ブログ
2026-01-06,09:00,アヤメカサゴ,57,1.8,1,泳がせ（エサ不明）,泳がせ釣り,高知室戸沖,33.28,134.18,室戸,,,,,,初出船は深場攻め。室戸の深海の底力を見せる良型アコウダイが浮上。,室戸3ブログ
2026-01-18,09:00,ブリ,94,11.5,1,泳がせ（エサ不明）,泳がせ釣り,高知室戸沖,33.28,134.18,室戸,,,,,,寒ブリの残り。泳がせ釣りで10kg超のブリを確保。脂の乗りも最高。,室戸3ブログ
2026-01-18,09:00,マハタ,68,5.8,1,泳がせ（エサ不明）,泳がせ釣り,高知室戸沖,33.28,134.18,室戸,,,,,,寒ブリの残り。泳がせ釣りで10kg超のブリを確保。脂の乗りも最高。,室戸3ブログ
2026-01-26,09:00,マハタ,70,6.2,1,泳がせ（エサ不明）,泳がせ釣り,高知室戸沖,33.28,134.18,室戸,,,,,,潮が渋い状況下、活きスルメイカを餌に本命マハタを連続キャッチ。,室戸3ブログ
2026-01-26,09:00,マハタ,63,4.5,1,泳がせ（エサ不明）,泳がせ釣り,高知室戸沖,33.28,134.18,室戸,,,,,,潮が渋い状況下、活きスルメイカを餌に本命マハタを連続キャッチ。,室戸3ブログ
2026-02-08,09:00,エビスダイ,50,2.1,1,泳がせ（エサ不明）,泳がせ釣り,高知室戸沖,33.28,134.18,室戸,,,,,,12kg超のカンパチが強烈な突っ込みを見せるも、粘りのファイトで制す。,室戸3ブログ
2026-02-08,09:00,カンパチ,95,12.5,1,泳がせ（エサ不明）,泳がせ釣り,高知室戸沖,33.28,134.18,室戸,,,,,,12kg超のカンパチが強烈な突っ込みを見せるも、粘りのファイトで制す。,室戸3ブログ
2026-02-14,09:00,カンパチ,81,8.2,1,泳がせ（エサ不明）,泳がせ釣り,高知室戸沖,33.28,134.18,室戸,,,,,,イカ泳がせが好調。サイズ以上にイカへの食い込みが良く、アタリが明確。,室戸3ブログ
2026-02-14,09:00,マハタ,67,5.5,1,泳がせ（エサ不明）,泳がせ釣り,高知室戸沖,33.28,134.18,室戸,,,,,,イカ泳がせが好調。サイズ以上にイカへの食い込みが良く、アタリが明確。,室戸3ブログ
2026-03-01,09:00,クエ,91,15.8,1,泳がせ（エサ不明）,泳がせ釣り,高知室戸沖,33.28,134.18,室戸,,,,,,3月スタートに相応しい15kg超のクエが登場。底付近の執念が実った一匹。,室戸3ブログ
2026-03-01,09:00,マハタ,74,7.2,1,泳がせ（エサ不明）,泳がせ釣り,高知室戸沖,33.28,134.18,室戸,,,,,,3月スタートに相応しい15kg超のクエが登場。底付近の執念が実った一匹。,室戸3ブログ
2026-03-15,09:00,カンパチ,91,11.2,1,泳がせ（エサ不明）,泳がせ釣り,高知室戸沖,33.28,134.18,室戸,,,,,,14kg超の特大マハタをキャッチ！春の大物シーズンの幕開けを実感。,室戸3ブログ
2026-03-15,09:00,マハタ,104,14.8,1,泳がせ（エサ不明）,泳がせ釣り,高知室戸沖,33.28,134.18,室戸,,,,,,14kg超の特大マハタをキャッチ！春の大物シーズンの幕開けを実感。,室戸3ブログ
2026-03-29,09:00,カンパチ,105,15.5,1,泳がせ（エサ不明）,泳がせ釣り,高知室戸沖,33.28,134.18,室戸,,,,,,15kg超の大型カンパチが浮上。高級魚ホウキハタも良型が揃う。,室戸3ブログ
2026-03-29,09:00,ホウキハタ,70,6.0,1,泳がせ（エサ不明）,泳がせ釣り,高知室戸沖,33.28,134.18,室戸,,,,,,15kg超の大型カンパチが浮上。高級魚ホウキハタも良型が揃う。,室戸3ブログ
2026-04-12,09:00,カンパチ,100,14.2,1,泳がせ（エサ不明）,泳がせ釣り,高知室戸沖,33.28,134.18,室戸,,,,,,直近の釣果。14kg超のカンパチを筆頭に、青物の回遊が非常に活発。,室戸3ブログ
2026-04-12,09:00,ブリ,92,10.8,1,泳がせ（エサ不明）,泳がせ釣り,高知室戸沖,33.28,134.18,室戸,,,,,,直近の釣果。14kg超のカンパチを筆頭に、青物の回遊が非常に活発。,室戸3ブログ
2026-04-19,09:00,クエ,85,13.2,1,泳がせ（エサ不明）,泳がせ釣り,高知室戸沖,33.28,134.18,室戸,,,,,,先日の釣果。10kg超の根魚がダブルで浮上。乗っ込み本番の勢い。,室戸3ブログ
2026-04-19,09:00,マハタ,91,11.5,1,泳がせ（エサ不明）,泳がせ釣り,高知室戸沖,33.28,134.18,室戸,,,,,,先日の釣果。10kg超の根魚がダブルで浮上。乗っ込み本番の勢い。,室戸3ブログ
